timestamp_iso,timestamp_unix,depth_m,pitch_deg,roll_deg,yaw_deg,pwm_dkiri,pwm_tkiri,pwm_bkiri,pwm_dkanan,pwm_tkanan,pwm_bkanan,servo_tilt_arm,servo_gripper,mode,qr_data,surge_est
2026-08-10T08:53:37.155,1786326817.155692,0.0,0.0,0.0,0.0,1500,1500,1500,1500,1500,1500,180,180,UNKNOWN,,0.0
2026-08-10T08:53:37.655,1786326817.655635,0.0,0.0,0.0,0.0,1500,1500,1500,1500,1500,1500,180,180,UNKNOWN,,0.0
2026-08-10T08:53:38.155,1786326818.155655,0.0,0.0,0.0,0.0,1500,1500,1500,1500,1500,1500,180,180,UNKNOWN,,0.0
2026-08-10T08:53:38.655,1786326818.655647,0.0,0.0,0.0,0.0,1500,1500,1500,1500,1500,1500,180,180,UNKNOWN,,0.0
2026-08-10T08:53:39.155,1786326819.15563,0.0,0.0,0.0,0.0,1500,1500,1500,1500,1500,1500,180,180,UNKNOWN,,0.0
2026-08-10T08:53:39.655,1786326819.65562,0.0,0.0,0.0,0.0,1500,1500,1500,1500,1500,1500,180,180,UNKNOWN,,0.0
2026-08-10T08:53:40.155,1786326820.15562,0.0,0.0,0.0,0.0,1500,1500,1500,1500,1500,1500,180,180,UNKNOWN,,0.0
2026-08-10T08:53:40.655,1786326820.655614,0.0,0.0,0.0,0.0,1500,1500,1500,1500,1500,1500,180,180,UNKNOWN,,0.0
2026-08-10T08:53:41.155,1786326821.155649,0.0,0.0,0.0,0.0,1500,1500,1500,1500,1500,1500,180,180,UNKNOWN,,0.0
2026-08-10T08:53:41.655,1786326821.655633,0.0,0.0,0.0,0.0,1500,1500,1500,1500,1500,1500,180,180,UNKNOWN,,0.0
2026-08-10T08:53:42.155,1786326822.155671,0.0,0.0,0.0,0.0,1500,1500,1500,1500,1500,1500,180,180,UNKNOWN,,0.0
2026-08-10T08:53:42.655,1786326822.655638,0.0,0.0,0.0,0.0,1500,1500,1500,1500,1500,1500,180,180,UNKNOWN,,0.0
2026-08-10T08:53:43.155,1786326823.155713,0.0,0.0,0.0,0.0,1500,1500,1500,1500,1500,1500,180,180,UNKNOWN,,0.0
2026-08-10T08:53:43.655,1786326823.655683,0.0,0.0,0.0,0.0,1500,1500,1500,1500,1500,1500,180,180,UNKNOWN,,0.0
2026-08-10T08:53:44.155,1786326824.155688,0.0,0.0,0.0,0.0,1500,1500,1500,1500,1500,1500,180,180,UNKNOWN,,0.0
2026-08-10T08:53:44.655,1786326824.655635,0.0,0.0,0.0,0.0,1500,1500,1500,1500,1500,1500,180,180,UNKNOWN,,0.0
2026-08-10T08:53:45.155,1786326825.155692,0.0,0.0,0.0,0.0,1500,1500,1500,1500,1500,1500,180,180,UNKNOWN,,0.0
2026-08-10T08:53:45.655,1786326825.655634,0.0,0.0,0.0,0.0,1500,1500,1500,1500,1500,1500,180,180,UNKNOWN,,0.0
2026-08-10T08:53:46.155,1786326826.155702,0.0,0.0,0.0,0.0,1500,1500,1500,1500,1500,1500,180,180,UNKNOWN,,0.0
2026-08-10T08:53:46.655,1786326826.655648,0.0,0.0,0.0,0.0,1500,1500,1500,1500,1500,1500,180,180,UNKNOWN,,0.0
2026-08-10T08:53:47.155,1786326827.155727,0.0,0.0,0.0,0.0,1500,1500,1500,1500,1500,1500,180,180,UNKNOWN,,0.0
2026-08-10T08:53:47.655,1786326827.655737,0.0,0.0,0.0,0.0,1500,1500,1500,1500,1500,1500,180,180,UNKNOWN,,0.0
2026-08-10T08:53:48.155,1786326828.155713,0.0,0.0,0.0,0.0,1500,1500,1500,1500,1500,1500,180,180,UNKNOWN,,0.0
2026-08-10T08:53:48.655,1786326828.655661,0.0,0.0,0.0,0.0,1500,1500,1500,1500,1500,1500,180,180,UNKNOWN,,0.0
2026-08-10T08:53:49.155,1786326829.155736,0.0,0.0,0.0,0.0,1500,1500,1500,1500,1500,1500,180,180,UNKNOWN,,0.0
2026-08-10T08:53:49.655,1786326829.655716,0.0,0.0,0.0,0.0,1500,1500,1500,1500,1500,1500,180,180,UNKNOWN,,0.0
2026-08-10T08:53:50.155,1786326830.155738,0.0,0.0,0.0,0.0,1500,1500,1500,1500,1500,1500,180,180,UNKNOWN,,0.0
2026-08-10T08:53:50.655,1786326830.655673,0.0,0.0,0.0,0.0,1500,1500,1500,1500,1500,1500,180,180,UNKNOWN,,0.0
2026-08-10T08:53:51.155,1786326831.155703,0.0,0.0,0.0,0.0,1500,1500,1500,1500,1500,1500,180,180,UNKNOWN,,0.0
2026-08-10T08:53:51.655,1786326831.655685,0.0,0.0,0.0,0.0,1500,1500,1500,1500,1500,1500,180,180,UNKNOWN,,0.0
2026-08-10T08:53:52.155,1786326832.155664,0.0,0.0,0.0,0.0,1500,1500,1500,1500,1500,1500,180,180,UNKNOWN,,0.0
2026-08-10T08:53:52.655,1786326832.655727,0.0,0.0,0.0,0.0,1500,1500,1500,1500,1500,1500,180,180,UNKNOWN,,0.0
2026-08-10T08:53:53.155,1786326833.155741,0.0,0.0,0.0,0.0,1500,1500,1500,1500,1500,1500,180,180,UNKNOWN,,0.0
2026-08-10T08:53:53.655,1786326833.655636,0.0,0.0,0.0,0.0,1500,1500,1500,1500,1500,1500,180,180,UNKNOWN,,0.0
2026-08-10T08:53:54.155,1786326834.15564,0.0,0.0,0.0,0.0,1500,1500,1500,1500,1500,1500,180,180,UNKNOWN,,0.0
2026-08-10T08:53:54.655,1786326834.65561,0.0,0.0,0.0,0.0,1500,1500,1500,1500,1500,1500,180,180,UNKNOWN,,0.0
2026-08-10T08:53:55.155,1786326835.155744,0.0,0.0,0.0,0.0,1500,1500,1500,1500,1500,1500,180,180,UNKNOWN,,0.0
2026-08-10T08:53:55.655,1786326835.655632,0.0,0.0,0.0,0.0,1500,1500,1500,1500,1500,1500,180,180,UNKNOWN,,0.0
2026-08-10T08:53:56.155,1786326836.155719,0.0,0.0,0.0,0.0,1500,1500,1500,1500,1500,1500,180,180,UNKNOWN,,0.0
2026-08-10T08:53:56.655,1786326836.655636,0.0,0.0,0.0,0.0,1500,1500,1500,1500,1500,1500,180,180,UNKNOWN,,0.0
2026-08-10T08:53:57.155,1786326837.155741,0.0,0.0,0.0,0.0,1500,1500,1500,1500,1500,1500,180,180,UNKNOWN,,0.0
2026-08-10T08:53:57.655,1786326837.655649,0.0,0.0,0.0,0.0,1500,1500,1500,1500,1500,1500,180,180,UNKNOWN,,0.0
2026-08-10T08:53:58.155,1786326838.155712,0.0,0.0,0.0,0.0,1500,1500,1500,1500,1500,1500,180,180,UNKNOWN,,0.0
2026-08-10T08:53:58.655,1786326838.655623,0.0,0.0,0.0,0.0,1500,1500,1500,1500,1500,1500,180,180,UNKNOWN,,0.0
2026-08-10T08:53:59.155,1786326839.155647,0.0,0.0,0.0,0.0,1500,1500,1500,1500,1500,1500,180,180,UNKNOWN,,0.0
2026-08-10T08:53:59.655,1786326839.655646,0.0,0.0,0.0,0.0,1500,1500,1500,1500,1500,1500,180,180,UNKNOWN,,0.0
2026-08-10T08:54:00.155,1786326840.155671,0.0,0.0,0.0,0.0,1500,1500,1500,1500,1500,1500,180,180,UNKNOWN,,0.0
2026-08-10T08:54:00.655,1786326840.655671,0.0,0.0,0.0,0.0,1500,1500,1500,1500,1500,1500,180,180,UNKNOWN,,0.0
2026-08-10T08:54:01.155,1786326841.155653,0.0,0.0,0.0,0.0,1500,1500,1500,1500,1500,1500,180,180,UNKNOWN,,0.0
2026-08-10T08:54:01.655,1786326841.655616,0.0,0.0,0.0,0.0,1500,1500,1500,1500,1500,1500,180,180,UNKNOWN,,0.0
2026-08-10T08:54:02.155,1786326842.155747,0.0,0.0,0.0,0.0,1500,1500,1500,1500,1500,1500,180,180,UNKNOWN,,0.0
2026-08-10T08:54:02.655,1786326842.655636,0.0,0.0,0.0,0.0,1500,1500,1500,1500,1500,1500,180,180,UNKNOWN,,0.0
2026-08-10T08:54:03.155,1786326843.155685,0.0,0.0,0.0,0.0,1500,1500,1500,1500,1500,1500,180,180,UNKNOWN,,0.0
2026-08-10T08:54:03.655,1786326843.655674,0.0,0.0,0.0,0.0,1500,1500,1500,1500,1500,1500,180,180,UNKNOWN,,0.0
2026-08-10T08:54:04.155,1786326844.155649,0.0,0.0,0.0,0.0,1500,1500,1500,1500,1500,1500,180,180,UNKNOWN,,0.0
2026-08-10T08:54:04.655,1786326844.655742,0.0,0.0,0.0,0.0,1500,1500,1500,1500,1500,1500,180,180,UNKNOWN,,0.0
2026-08-10T08:54:05.155,1786326845.155667,0.0,0.0,0.0,0.0,1500,1500,1500,1500,1500,1500,180,180,UNKNOWN,,0.0
2026-08-10T08:54:05.655,1786326845.655684,0.0,0.0,0.0,0.0,1500,1500,1500,1500,1500,1500,180,180,UNKNOWN,,0.0
2026-08-10T08:54:06.155,1786326846.15571,0.0,0.0,0.0,0.0,1500,1500,1500,1500,1500,1500,180,180,UNKNOWN,,0.0
2026-08-10T08:54:06.655,1786326846.655646,0.0,0.0,0.0,0.0,1500,1500,1500,1500,1500,1500,180,180,UNKNOWN,,0.0
2026-08-10T08:54:07.155,1786326847.155645,0.0,0.0,0.0,0.0,1500,1500,1500,1500,1500,1500,180,180,UNKNOWN,,0.0
2026-08-10T08:54:07.655,1786326847.65567,0.0,0.0,0.0,0.0,1500,1500,1500,1500,1500,1500,180,180,UNKNOWN,,0.0
2026-08-10T08:54:08.155,1786326848.155644,0.0,0.0,0.0,0.0,1500,1500,1500,1500,1500,1500,180,180,UNKNOWN,,0.0
2026-08-10T08:54:08.655,1786326848.655648,0.0,0.0,0.0,0.0,1500,1500,1500,1500,1500,1500,180,180,UNKNOWN,,0.0
2026-08-10T08:54:09.155,1786326849.155724,0.0,0.0,0.0,0.0,1500,1500,1500,1500,1500,1500,180,180,UNKNOWN,,0.0
2026-08-10T08:54:09.655,1786326849.655722,0.0,0.0,0.0,0.0,1500,1500,1500,1500,1500,1500,180,180,UNKNOWN,,0.0
2026-08-10T08:54:10.155,1786326850.155629,0.0,0.0,0.0,0.0,1500,1500,1500,1500,1500,1500,180,180,UNKNOWN,,0.0
2026-08-10T08:54:10.655,1786326850.655678,0.0,0.0,0.0,0.0,1500,1500,1500,1500,1500,1500,180,180,UNKNOWN,,0.0
2026-08-10T08:54:11.155,1786326851.155662,0.0,0.0,0.0,0.0,1500,1500,1500,1500,1500,1500,180,180,UNKNOWN,,0.0
2026-08-10T08:54:11.655,1786326851.655733,0.0,0.0,0.0,0.0,1500,1500,1500,1500,1500,1500,180,180,UNKNOWN,,0.0
2026-08-10T08:54:12.155,1786326852.155693,0.0,0.0,0.0,0.0,1500,1500,1500,1500,1500,1500,180,180,UNKNOWN,,0.0
2026-08-10T08:54:12.655,1786326852.655615,0.0,0.0,0.0,0.0,1500,1500,1500,1500,1500,1500,180,180,UNKNOWN,,0.0
2026-08-10T08:54:13.155,1786326853.155749,0.0,0.0,0.0,0.0,1500,1500,1500,1500,1500,1500,180,180,UNKNOWN,,0.0
2026-08-10T08:54:13.655,1786326853.65561,0.0,0.0,0.0,0.0,1500,1500,1500,1500,1500,1500,180,180,UNKNOWN,,0.0
2026-08-10T08:54:14.155,1786326854.155691,0.0,0.0,0.0,0.0,1500,1500,1500,1500,1500,1500,180,180,UNKNOWN,,0.0
2026-08-10T08:54:14.655,1786326854.655613,0.0,0.0,0.0,0.0,1500,1500,1500,1500,1500,1500,180,180,UNKNOWN,,0.0
2026-08-10T08:54:15.155,1786326855.155606,0.0,0.0,0.0,0.0,1500,1500,1500,1500,1500,1500,180,180,UNKNOWN,,0.0
2026-08-10T08:54:15.655,1786326855.655681,0.0,0.0,0.0,0.0,1500,1500,1500,1500,1500,1500,180,180,UNKNOWN,,0.0
2026-08-10T08:54:16.155,1786326856.155656,0.0,0.0,0.0,0.0,1500,1500,1500,1500,1500,1500,180,180,UNKNOWN,,0.0
2026-08-10T08:54:16.655,1786326856.655612,0.0,0.0,0.0,0.0,1500,1500,1500,1500,1500,1500,180,180,UNKNOWN,,0.0
2026-08-10T08:54:17.155,1786326857.155644,0.0,0.0,0.0,0.0,1500,1500,1500,1500,1500,1500,180,180,UNKNOWN,,0.0
2026-08-10T08:54:17.655,1786326857.655695,0.0,0.0,0.0,0.0,1500,1500,1500,1500,1500,1500,180,180,UNKNOWN,,0.0
2026-08-10T08:54:18.155,1786326858.155635,0.0,0.0,0.0,0.0,1500,1500,1500,1500,1500,1500,180,180,UNKNOWN,,0.0
2026-08-10T08:54:18.655,1786326858.655623,0.0,0.0,0.0,0.0,1500,1500,1500,1500,1500,1500,180,180,UNKNOWN,,0.0
2026-08-10T08:54:19.155,1786326859.155606,0.0,0.0,0.0,0.0,1500,1500,1500,1500,1500,1500,180,180,UNKNOWN,,0.0
2026-08-10T08:54:19.655,1786326859.655703,0.0,0.0,0.0,0.0,1500,1500,1500,1500,1500,1500,180,180,UNKNOWN,,0.0
2026-08-10T08:54:20.155,1786326860.155733,0.0,0.0,0.0,0.0,1500,1500,1500,1500,1500,1500,180,180,UNKNOWN,,0.0
2026-08-10T08:54:20.655,1786326860.655615,0.0,0.0,0.0,0.0,1500,1500,1500,1500,1500,1500,180,180,UNKNOWN,,0.0
2026-08-10T08:54:21.155,1786326861.15572,0.0,0.0,0.0,0.0,1500,1500,1500,1500,1500,1500,180,180,UNKNOWN,,0.0
2026-08-10T08:54:21.655,1786326861.655639,0.0,0.0,0.0,0.0,1500,1500,1500,1500,1500,1500,180,180,UNKNOWN,,0.0
2026-08-10T08:54:22.155,1786326862.155785,0.0,0.0,0.0,0.0,1500,1500,1500,1500,1500,1500,180,180,UNKNOWN,,0.0
2026-08-10T08:54:22.655,1786326862.655625,0.0,0.0,0.0,0.0,1500,1500,1500,1500,1500,1500,180,180,UNKNOWN,,0.0
2026-08-10T08:54:23.155,1786326863.155642,0.0,0.0,0.0,0.0,1500,1500,1500,1500,1500,1500,180,180,UNKNOWN,,0.0
2026-08-10T08:54:23.655,1786326863.655597,0.0,0.0,0.0,0.0,1500,1500,1500,1500,1500,1500,180,180,UNKNOWN,,0.0
2026-08-10T08:54:24.155,1786326864.155619,0.0,0.0,0.0,0.0,1500,1500,1500,1500,1500,1500,180,180,UNKNOWN,,0.0
2026-08-10T08:54:24.655,1786326864.655609,0.0,0.0,0.0,0.0,1500,1500,1500,1500,1500,1500,180,180,UNKNOWN,,0.0
2026-08-10T08:54:25.155,1786326865.155626,0.0,0.0,0.0,0.0,1500,1500,1500,1500,1500,1500,180,180,UNKNOWN,,0.0
2026-08-10T08:54:25.655,1786326865.655681,0.0,0.0,0.0,0.0,1500,1500,1500,1500,1500,1500,180,180,UNKNOWN,,0.0
2026-08-10T08:54:26.155,1786326866.155725,0.0,0.0,0.0,0.0,1500,1500,1500,1500,1500,1500,180,180,UNKNOWN,,0.0
2026-08-10T08:54:26.655,1786326866.655642,0.0,0.0,0.0,0.0,1500,1500,1500,1500,1500,1500,180,180,UNKNOWN,,0.0
2026-08-10T08:54:27.155,1786326867.155614,0.0,0.0,0.0,0.0,1500,1500,1500,1500,1500,1500,180,180,UNKNOWN,,0.0
2026-08-10T08:54:27.655,1786326867.655598,0.0,0.0,0.0,0.0,1500,1500,1500,1500,1500,1500,180,180,UNKNOWN,,0.0
2026-08-10T08:54:28.155,1786326868.155668,0.0,0.0,0.0,0.0,1500,1500,1500,1500,1500,1500,180,180,UNKNOWN,,0.0
2026-08-10T08:54:28.655,1786326868.655701,0.0,0.0,0.0,0.0,1500,1500,1500,1500,1500,1500,180,180,UNKNOWN,,0.0
2026-08-10T08:54:29.155,1786326869.155667,0.0,0.0,0.0,0.0,1500,1500,1500,1500,1500,1500,180,180,UNKNOWN,,0.0
2026-08-10T08:54:29.655,1786326869.655654,0.0,0.0,0.0,0.0,1500,1500,1500,1500,1500,1500,180,180,UNKNOWN,,0.0
2026-08-10T08:54:30.155,1786326870.155665,0.0,0.0,0.0,0.0,1500,1500,1500,1500,1500,1500,180,180,UNKNOWN,,0.0
2026-08-10T08:54:30.655,1786326870.655648,0.0,0.0,0.0,0.0,1500,1500,1500,1500,1500,1500,180,180,UNKNOWN,,0.0
2026-08-10T08:54:31.155,1786326871.155641,0.0,0.0,0.0,0.0,1500,1500,1500,1500,1500,1500,180,180,UNKNOWN,,0.0
2026-08-10T08:54:31.655,1786326871.655618,0.0,0.0,0.0,0.0,1500,1500,1500,1500,1500,1500,180,180,UNKNOWN,,0.0
2026-08-10T08:54:32.155,1786326872.155637,0.0,0.0,0.0,0.0,1500,1500,1500,1500,1500,1500,180,180,UNKNOWN,,0.0
2026-08-10T08:54:32.655,1786326872.655614,0.0,0.0,0.0,0.0,1500,1500,1500,1500,1500,1500,180,180,UNKNOWN,,0.0
2026-08-10T08:54:33.155,1786326873.155625,0.0,0.0,0.0,0.0,1500,1500,1500,1500,1500,1500,180,180,UNKNOWN,,0.0
2026-08-10T08:54:33.655,1786326873.65563,0.0,0.0,0.0,0.0,1500,1500,1500,1500,1500,1500,180,180,UNKNOWN,,0.0
2026-08-10T08:54:34.155,1786326874.155619,0.0,0.0,0.0,0.0,1500,1500,1500,1500,1500,1500,180,180,UNKNOWN,,0.0
2026-08-10T08:54:34.655,1786326874.655613,0.0,0.0,0.0,0.0,1500,1500,1500,1500,1500,1500,180,180,UNKNOWN,,0.0
2026-08-10T08:54:35.155,1786326875.155718,0.0,0.0,0.0,0.0,1500,1500,1500,1500,1500,1500,180,180,UNKNOWN,,0.0
2026-08-10T08:54:35.655,1786326875.655625,0.0,0.0,0.0,0.0,1500,1500,1500,1500,1500,1500,180,180,UNKNOWN,,0.0
2026-08-10T08:54:36.155,1786326876.155739,0.0,0.0,0.0,0.0,1500,1500,1500,1500,1500,1500,180,180,UNKNOWN,,0.0
2026-08-10T08:54:36.655,1786326876.655628,0.0,0.0,0.0,0.0,1500,1500,1500,1500,1500,1500,180,180,UNKNOWN,,0.0
2026-08-10T08:54:37.155,1786326877.155689,0.0,0.0,0.0,0.0,1500,1500,1500,1500,1500,1500,180,180,UNKNOWN,,0.0
2026-08-10T08:54:37.655,1786326877.65561,0.0,0.0,0.0,0.0,1500,1500,1500,1500,1500,1500,180,180,UNKNOWN,,0.0
2026-08-10T08:54:38.155,1786326878.155646,0.0,0.0,0.0,0.0,1500,1500,1500,1500,1500,1500,180,180,UNKNOWN,,0.0
2026-08-10T08:54:38.655,1786326878.655619,0.0,0.0,0.0,0.0,1500,1500,1500,1500,1500,1500,180,180,UNKNOWN,,0.0
2026-08-10T08:54:39.155,1786326879.155704,0.0,0.0,0.0,0.0,1500,1500,1500,1500,1500,1500,180,180,UNKNOWN,,0.0
2026-08-10T08:54:39.655,1786326879.655712,0.0,0.0,0.0,0.0,1500,1500,1500,1500,1500,1500,180,180,UNKNOWN,,0.0
2026-08-10T08:54:40.155,1786326880.155645,0.0,0.0,0.0,0.0,1500,1500,1500,1500,1500,1500,180,180,UNKNOWN,,0.0
2026-08-10T08:54:40.655,1786326880.655632,0.0,0.0,0.0,0.0,1500,1500,1500,1500,1500,1500,180,180,UNKNOWN,,0.0
2026-08-10T08:54:41.155,1786326881.155673,0.0,0.0,0.0,0.0,1500,1500,1500,1500,1500,1500,180,180,UNKNOWN,,0.0
2026-08-10T08:54:41.655,1786326881.655608,0.0,0.0,0.0,0.0,1500,1500,1500,1500,1500,1500,180,180,UNKNOWN,,0.0
2026-08-10T08:54:42.155,1786326882.155704,0.0,0.0,0.0,0.0,1500,1500,1500,1500,1500,1500,180,180,UNKNOWN,,0.0
2026-08-10T08:54:42.655,1786326882.655653,0.0,0.0,0.0,0.0,1500,1500,1500,1500,1500,1500,180,180,UNKNOWN,,0.0
2026-08-10T08:54:43.155,1786326883.155648,0.0,0.0,0.0,0.0,1500,1500,1500,1500,1500,1500,180,180,UNKNOWN,,0.0
2026-08-10T08:54:43.655,1786326883.655672,0.0,0.0,0.0,0.0,1500,1500,1500,1500,1500,1500,180,180,UNKNOWN,,0.0
2026-08-10T08:54:44.155,1786326884.155597,0.0,0.0,0.0,0.0,1500,1500,1500,1500,1500,1500,180,180,UNKNOWN,,0.0
2026-08-10T08:54:44.655,1786326884.655631,0.0,0.0,0.0,0.0,1500,1500,1500,1500,1500,1500,180,180,UNKNOWN,,0.0
2026-08-10T08:54:45.155,1786326885.15567,0.0,0.0,0.0,0.0,1500,1500,1500,1500,1500,1500,180,180,UNKNOWN,,0.0
2026-08-10T08:54:45.655,1786326885.655649,0.0,0.0,0.0,0.0,1500,1500,1500,1500,1500,1500,180,180,UNKNOWN,,0.0
2026-08-10T08:54:46.155,1786326886.155618,0.0,0.0,0.0,0.0,1500,1500,1500,1500,1500,1500,180,180,UNKNOWN,,0.0
2026-08-10T08:54:46.655,1786326886.65564,0.0,0.0,0.0,0.0,1500,1500,1500,1500,1500,1500,180,180,UNKNOWN,,0.0
2026-08-10T08:54:47.155,1786326887.155661,0.0,0.0,0.0,0.0,1500,1500,1500,1500,1500,1500,180,180,UNKNOWN,,0.0
2026-08-10T08:54:47.655,1786326887.655669,0.0,0.0,0.0,0.0,1500,1500,1500,1500,1500,1500,180,180,UNKNOWN,,0.0
2026-08-10T08:54:48.155,1786326888.155681,0.0,0.0,0.0,0.0,1500,1500,1500,1500,1500,1500,180,180,UNKNOWN,,0.0
2026-08-10T08:54:48.655,1786326888.655648,0.0,0.0,0.0,0.0,1500,1500,1500,1500,1500,1500,180,180,UNKNOWN,,0.0
2026-08-10T08:54:49.155,1786326889.155673,0.0,0.0,0.0,0.0,1500,1500,1500,1500,1500,1500,180,180,UNKNOWN,,0.0
2026-08-10T08:54:49.655,1786326889.655635,0.0,0.0,0.0,0.0,1500,1500,1500,1500,1500,1500,180,180,UNKNOWN,,0.0
2026-08-10T08:54:50.155,1786326890.155645,0.0,0.0,0.0,0.0,1500,1500,1500,1500,1500,1500,180,180,UNKNOWN,,0.0
2026-08-10T08:54:50.655,1786326890.655633,0.0,0.0,0.0,0.0,1500,1500,1500,1500,1500,1500,180,180,UNKNOWN,,0.0
2026-08-10T08:54:51.155,1786326891.155637,0.0,0.0,0.0,0.0,1500,1500,1500,1500,1500,1500,180,180,UNKNOWN,,0.0
2026-08-10T08:54:51.655,1786326891.655601,0.0,0.0,0.0,0.0,1500,1500,1500,1500,1500,1500,180,180,UNKNOWN,,0.0
2026-08-10T08:54:52.155,1786326892.155715,0.0,0.0,0.0,0.0,1500,1500,1500,1500,1500,1500,180,180,UNKNOWN,,0.0
2026-08-10T08:54:52.655,1786326892.655627,0.0,0.0,0.0,0.0,1500,1500,1500,1500,1500,1500,180,180,UNKNOWN,,0.0
2026-08-10T08:54:53.155,1786326893.155672,0.0,0.0,0.0,0.0,1500,1500,1500,1500,1500,1500,180,180,UNKNOWN,,0.0
2026-08-10T08:54:53.655,1786326893.655652,0.0,0.0,0.0,0.0,1500,1500,1500,1500,1500,1500,180,180,UNKNOWN,,0.0
2026-08-10T08:54:54.155,1786326894.155703,0.0,0.0,0.0,0.0,1500,1500,1500,1500,1500,1500,180,180,UNKNOWN,,0.0
2026-08-10T08:54:54.655,1786326894.655637,0.0,0.0,0.0,0.0,1500,1500,1500,1500,1500,1500,180,180,UNKNOWN,,0.0
2026-08-10T08:54:55.155,1786326895.155637,0.0,0.0,0.0,0.0,1500,1500,1500,1500,1500,1500,180,180,UNKNOWN,,0.0
2026-08-10T08:54:55.655,1786326895.655626,0.0,0.0,0.0,0.0,1500,1500,1500,1500,1500,1500,180,180,UNKNOWN,,0.0
2026-08-10T08:54:56.155,1786326896.155711,0.0,0.0,0.0,0.0,1500,1500,1500,1500,1500,1500,180,180,UNKNOWN,,0.0
2026-08-10T08:54:56.655,1786326896.655599,0.0,0.0,0.0,0.0,1500,1500,1500,1500,1500,1500,180,180,UNKNOWN,,0.0
2026-08-10T08:54:57.155,1786326897.155686,0.0,0.0,0.0,0.0,1500,1500,1500,1500,1500,1500,180,180,UNKNOWN,,0.0
2026-08-10T08:54:57.655,1786326897.655682,0.0,0.0,0.0,0.0,1500,1500,1500,1500,1500,1500,180,180,UNKNOWN,,0.0
2026-08-10T08:54:58.155,1786326898.155663,0.0,0.0,0.0,0.0,1500,1500,1500,1500,1500,1500,180,180,UNKNOWN,,0.0
2026-08-10T08:54:58.655,1786326898.655646,0.0,0.0,0.0,0.0,1500,1500,1500,1500,1500,1500,180,180,UNKNOWN,,0.0
2026-08-10T08:54:59.155,1786326899.155612,0.0,0.0,0.0,0.0,1500,1500,1500,1500,1500,1500,180,180,UNKNOWN,,0.0
2026-08-10T08:54:59.655,1786326899.655644,0.0,0.0,0.0,0.0,1500,1500,1500,1500,1500,1500,180,180,UNKNOWN,,0.0
2026-08-10T08:55:00.155,1786326900.155668,0.0,0.0,0.0,0.0,1500,1500,1500,1500,1500,1500,180,180,UNKNOWN,,0.0
2026-08-10T08:55:00.655,1786326900.65564,0.0,0.0,0.0,0.0,1500,1500,1500,1500,1500,1500,180,180,UNKNOWN,,0.0
2026-08-10T08:55:01.155,1786326901.155626,0.0,0.0,0.0,0.0,1500,1500,1500,1500,1500,1500,180,180,UNKNOWN,,0.0
2026-08-10T08:55:01.655,1786326901.655619,0.0,0.0,0.0,0.0,1500,1500,1500,1500,1500,1500,180,180,UNKNOWN,,0.0
2026-08-10T08:55:02.155,1786326902.155716,0.0,0.0,0.0,0.0,1500,1500,1500,1500,1500,1500,180,180,UNKNOWN,,0.0
2026-08-10T08:55:02.655,1786326902.655641,0.0,0.0,0.0,0.0,1500,1500,1500,1500,1500,1500,180,180,UNKNOWN,,0.0
2026-08-10T08:55:03.155,1786326903.155688,0.0,0.0,0.0,0.0,1500,1500,1500,1500,1500,1500,180,180,UNKNOWN,,0.0
2026-08-10T08:55:03.655,1786326903.655627,0.0,0.0,0.0,0.0,1500,1500,1500,1500,1500,1500,180,180,UNKNOWN,,0.0
2026-08-10T08:55:04.155,1786326904.155719,0.0,0.0,0.0,0.0,1500,1500,1500,1500,1500,1500,180,180,UNKNOWN,,0.0
2026-08-10T08:55:04.655,1786326904.65561,0.0,0.0,0.0,0.0,1500,1500,1500,1500,1500,1500,180,180,UNKNOWN,,0.0
2026-08-10T08:55:05.155,1786326905.155626,0.0,0.0,0.0,0.0,1500,1500,1500,1500,1500,1500,180,180,UNKNOWN,,0.0
2026-08-10T08:55:05.655,1786326905.655611,0.0,0.0,0.0,0.0,1500,1500,1500,1500,1500,1500,180,180,UNKNOWN,,0.0
2026-08-10T08:55:06.155,1786326906.155662,0.0,0.0,0.0,0.0,1500,1500,1500,1500,1500,1500,180,180,UNKNOWN,,0.0
2026-08-10T08:55:06.655,1786326906.655647,0.0,0.0,0.0,0.0,1500,1500,1500,1500,1500,1500,180,180,UNKNOWN,,0.0
2026-08-10T08:55:07.155,1786326907.15563,0.0,0.0,0.0,0.0,1500,1500,1500,1500,1500,1500,180,180,UNKNOWN,,0.0
2026-08-10T08:55:07.655,1786326907.655686,0.0,0.0,0.0,0.0,1500,1500,1500,1500,1500,1500,180,180,UNKNOWN,,0.0
2026-08-10T08:55:08.155,1786326908.155648,0.0,0.0,0.0,0.0,1500,1500,1500,1500,1500,1500,180,180,UNKNOWN,,0.0
2026-08-10T08:55:08.655,1786326908.655662,0.0,0.0,0.0,0.0,1500,1500,1500,1500,1500,1500,180,180,UNKNOWN,,0.0
2026-08-10T08:55:09.155,1786326909.155673,0.0,0.0,0.0,0.0,1500,1500,1500,1500,1500,1500,180,180,UNKNOWN,,0.0
2026-08-10T08:55:09.655,1786326909.655738,0.0,0.0,0.0,0.0,1500,1500,1500,1500,1500,1500,180,180,UNKNOWN,,0.0
2026-08-10T08:55:10.155,1786326910.15566,0.0,0.0,0.0,0.0,1500,1500,1500,1500,1500,1500,180,180,UNKNOWN,,0.0
2026-08-10T08:55:10.655,1786326910.65571,0.0,0.0,0.0,0.0,1500,1500,1500,1500,1500,1500,180,180,UNKNOWN,,0.0
2026-08-10T08:55:11.155,1786326911.155708,0.0,0.0,0.0,0.0,1500,1500,1500,1500,1500,1500,180,180,UNKNOWN,,0.0
2026-08-10T08:55:11.655,1786326911.655734,0.0,0.0,0.0,0.0,1500,1500,1500,1500,1500,1500,180,180,UNKNOWN,,0.0
2026-08-10T08:55:12.155,1786326912.155679,0.0,0.0,0.0,0.0,1500,1500,1500,1500,1500,1500,180,180,UNKNOWN,,0.0
2026-08-10T08:55:12.655,1786326912.655746,0.0,0.0,0.0,0.0,1500,1500,1500,1500,1500,1500,180,180,UNKNOWN,,0.0
2026-08-10T08:55:13.155,1786326913.155687,0.0,0.0,0.0,0.0,1500,1500,1500,1500,1500,1500,180,180,UNKNOWN,,0.0
2026-08-10T08:55:13.655,1786326913.655698,0.0,0.0,0.0,0.0,1500,1500,1500,1500,1500,1500,180,180,UNKNOWN,,0.0
2026-08-10T08:55:14.155,1786326914.155702,0.0,0.0,0.0,0.0,1500,1500,1500,1500,1500,1500,180,180,UNKNOWN,,0.0
2026-08-10T08:55:14.655,1786326914.655637,0.0,0.0,0.0,0.0,1500,1500,1500,1500,1500,1500,180,180,UNKNOWN,,0.0
2026-08-10T08:55:15.155,1786326915.155659,0.0,0.0,0.0,0.0,1500,1500,1500,1500,1500,1500,180,180,UNKNOWN,,0.0
2026-08-10T08:55:15.655,1786326915.655632,0.0,0.0,0.0,0.0,1500,1500,1500,1500,1500,1500,180,180,UNKNOWN,,0.0
2026-08-10T08:55:16.155,1786326916.155594,0.0,0.0,0.0,0.0,1500,1500,1500,1500,1500,1500,180,180,UNKNOWN,,0.0
2026-08-10T08:55:16.655,1786326916.655612,0.0,0.0,0.0,0.0,1500,1500,1500,1500,1500,1500,180,180,UNKNOWN,,0.0
2026-08-10T08:55:17.155,1786326917.155651,0.0,0.0,0.0,0.0,1500,1500,1500,1500,1500,1500,180,180,UNKNOWN,,0.0
2026-08-10T08:55:17.655,1786326917.655652,0.0,0.0,0.0,0.0,1500,1500,1500,1500,1500,1500,180,180,UNKNOWN,,0.0
2026-08-10T08:55:18.155,1786326918.155649,0.0,0.0,0.0,0.0,1500,1500,1500,1500,1500,1500,180,180,UNKNOWN,,0.0
2026-08-10T08:55:18.655,1786326918.655721,0.0,0.0,0.0,0.0,1500,1500,1500,1500,1500,1500,180,180,UNKNOWN,,0.0
2026-08-10T08:55:19.155,1786326919.155732,0.0,0.0,0.0,0.0,1500,1500,1500,1500,1500,1500,180,180,UNKNOWN,,0.0
2026-08-10T08:55:19.655,1786326919.655693,0.0,0.0,0.0,0.0,1500,1500,1500,1500,1500,1500,180,180,UNKNOWN,,0.0
2026-08-10T08:55:20.155,1786326920.155634,0.0,0.0,0.0,0.0,1500,1500,1500,1500,1500,1500,180,180,UNKNOWN,,0.0
2026-08-10T08:55:20.655,1786326920.655622,0.0,0.0,0.0,0.0,1500,1500,1500,1500,1500,1500,180,180,UNKNOWN,,0.0
2026-08-10T08:55:21.155,1786326921.155726,0.0,0.0,0.0,0.0,1500,1500,1500,1500,1500,1500,180,180,UNKNOWN,,0.0
2026-08-10T08:55:21.655,1786326921.655663,0.0,0.0,0.0,0.0,1500,1500,1500,1500,1500,1500,180,180,UNKNOWN,,0.0
2026-08-10T08:55:22.155,1786326922.155647,0.0,0.0,0.0,0.0,1500,1500,1500,1500,1500,1500,180,180,UNKNOWN,,0.0
2026-08-10T08:55:22.655,1786326922.65567,0.0,0.0,0.0,0.0,1500,1500,1500,1500,1500,1500,180,180,UNKNOWN,,0.0
2026-08-10T08:55:23.155,1786326923.155624,0.0,0.0,0.0,0.0,1500,1500,1500,1500,1500,1500,180,180,UNKNOWN,,0.0
2026-08-10T08:55:23.655,1786326923.655638,0.0,0.0,0.0,0.0,1500,1500,1500,1500,1500,1500,180,180,UNKNOWN,,0.0
2026-08-10T08:55:24.155,1786326924.155647,0.0,0.0,0.0,0.0,1500,1500,1500,1500,1500,1500,180,180,UNKNOWN,,0.0
2026-08-10T08:55:24.655,1786326924.65563,0.0,0.0,0.0,0.0,1500,1500,1500,1500,1500,1500,180,180,UNKNOWN,,0.0
2026-08-10T08:55:25.155,1786326925.155676,0.0,0.0,0.0,0.0,1500,1500,1500,1500,1500,1500,180,180,UNKNOWN,,0.0
2026-08-10T08:55:25.655,1786326925.655664,0.0,0.0,0.0,0.0,1500,1500,1500,1500,1500,1500,180,180,UNKNOWN,,0.0
2026-08-10T08:55:26.155,1786326926.155659,0.0,0.0,0.0,0.0,1500,1500,1500,1500,1500,1500,180,180,UNKNOWN,,0.0
2026-08-10T08:55:26.655,1786326926.655612,0.0,0.0,0.0,0.0,1500,1500,1500,1500,1500,1500,180,180,UNKNOWN,,0.0
2026-08-10T08:55:27.155,1786326927.155697,0.0,0.0,0.0,0.0,1500,1500,1500,1500,1500,1500,180,180,UNKNOWN,,0.0
2026-08-10T08:55:27.655,1786326927.655664,0.0,0.0,0.0,0.0,1500,1500,1500,1500,1500,1500,180,180,UNKNOWN,,0.0
2026-08-10T08:55:28.155,1786326928.15572,0.0,0.0,0.0,0.0,1500,1500,1500,1500,1500,1500,180,180,UNKNOWN,,0.0
2026-08-10T08:55:28.655,1786326928.655665,0.0,0.0,0.0,0.0,1500,1500,1500,1500,1500,1500,180,180,UNKNOWN,,0.0
2026-08-10T08:55:29.155,1786326929.15571,0.0,0.0,0.0,0.0,1500,1500,1500,1500,1500,1500,180,180,UNKNOWN,,0.0
2026-08-10T08:55:29.655,1786326929.655668,0.0,0.0,0.0,0.0,1500,1500,1500,1500,1500,1500,180,180,UNKNOWN,,0.0
2026-08-10T08:55:30.155,1786326930.155669,0.0,0.0,0.0,0.0,1500,1500,1500,1500,1500,1500,180,180,UNKNOWN,,0.0
2026-08-10T08:55:30.655,1786326930.65568,0.0,0.0,0.0,0.0,1500,1500,1500,1500,1500,1500,180,180,UNKNOWN,,0.0
2026-08-10T08:55:31.155,1786326931.155771,0.0,0.0,0.0,0.0,1500,1500,1500,1500,1500,1500,180,180,UNKNOWN,,0.0
2026-08-10T08:55:31.655,1786326931.655665,0.0,0.0,0.0,0.0,1500,1500,1500,1500,1500,1500,180,180,UNKNOWN,,0.0
2026-08-10T08:55:32.155,1786326932.155678,0.0,0.0,0.0,0.0,1500,1500,1500,1500,1500,1500,180,180,UNKNOWN,,0.0
2026-08-10T08:55:32.655,1786326932.655668,0.0,0.0,0.0,0.0,1500,1500,1500,1500,1500,1500,180,180,UNKNOWN,,0.0
2026-08-10T08:55:33.155,1786326933.155739,0.0,0.0,0.0,0.0,1500,1500,1500,1500,1500,1500,180,180,UNKNOWN,,0.0
2026-08-10T08:55:33.655,1786326933.655608,0.0,0.0,0.0,0.0,1500,1500,1500,1500,1500,1500,180,180,UNKNOWN,,0.0
2026-08-10T08:55:34.155,1786326934.155656,0.0,0.0,0.0,0.0,1500,1500,1500,1500,1500,1500,180,180,UNKNOWN,,0.0
2026-08-10T08:55:34.655,1786326934.655606,0.0,0.0,0.0,0.0,1500,1500,1500,1500,1500,1500,180,180,UNKNOWN,,0.0
